Workbook

Sheet منتجات وإكسسوارات
A1: قالب استيراد المنتجات والإكسسوارات
A2: الأعمدة المطلوبة: خلفية صفراء (*) | الأعمدة الاختيارية: خلفية خضراء | اكتب بياناتك من الصف رقم 5 لتحت
A3: كود المنتج (SKU) | B3: اسم المنتج * | C3: الفئة * | D3: نوع الفئة * | E3: سعر التكلفة * | F3: سعر البيع * | G3: الكمية الحالية * | H3: حد إعادة الطلب | I3: الوحدة | J3: الباركود | K3: ملاحظات | L3: الموديلات المتوافقة (افصل بفاصلة)
A4: مثال: PRD-K3F9A2 — لو المنتج موجود اكتب كوده والاسم والفئة هيظهروا لوحدهم | B4: بيظهر تلقائي من الكود — أو اكتبه لو منتج جديد | C4: بتظهر تلقائي من الكود — أو اكتبها لو منتج جديد | D4: بيظهر تلقائي من الكود — أو اختار من القائمة | E4: رقم — مثال: 25.50 | F4: رقم — مثال: 45 | G4: رقم صحيح — مثال: 50 | H4: الافتراضي: 5 | I4: الافتراضي: قطعة | J4: اختياري | K4: اختياري | L4: اختياري — مثال: iPhone 14, iPhone 15
B5: =IF($A5="","",IFERROR(VLOOKUP($A5,'قائمة المنتجات'!$A$2:$D$20000,2,FALSE),"")) | C5: =IF($A5="","",IFERROR(VLOOKUP($A5,'قائمة المنتجات'!$A$2:$D$20000,3,FALSE),"")) | D5: =IF($A5="","",IFERROR(VLOOKUP($A5,'قائمة المنتجات'!$A$2:$D$20000,4,FALSE),""))
B6: =IF($A6="","",IFERROR(VLOOKUP($A6,'قائمة المنتجات'!$A$2:$D$20000,2,FALSE),"")) | C6: =IF($A6="","",IFERROR(VLOOKUP($A6,'قائمة المنتجات'!$A$2:$D$20000,3,FALSE),"")) | D6: =IF($A6="","",IFERROR(VLOOKUP($A6,'قائمة المنتجات'!$A$2:$D$20000,4,FALSE),""))
B7: =IF($A7="","",IFERROR(VLOOKUP($A7,'قائمة المنتجات'!$A$2:$D$20000,2,FALSE),"")) | C7: =IF($A7="","",IFERROR(VLOOKUP($A7,'قائمة المنتجات'!$A$2:$D$20000,3,FALSE),"")) | D7: =IF($A7="","",IFERROR(VLOOKUP($A7,'قائمة المنتجات'!$A$2:$D$20000,4,FALSE),""))
B8: =IF($A8="","",IFERROR(VLOOKUP($A8,'قائمة المنتجات'!$A$2:$D$20000,2,FALSE),"")) | C8: =IF($A8="","",IFERROR(VLOOKUP($A8,'قائمة المنتجات'!$A$2:$D$20000,3,FALSE),"")) | D8: =IF($A8="","",IFERROR(VLOOKUP($A8,'قائمة المنتجات'!$A$2:$D$20000,4,FALSE),""))
B9: =IF($A9="","",IFERROR(VLOOKUP($A9,'قائمة المنتجات'!$A$2:$D$20000,2,FALSE),"")) | C9: =IF($A9="","",IFERROR(VLOOKUP($A9,'قائمة المنتجات'!$A$2:$D$20000,3,FALSE),"")) | D9: =IF($A9="","",IFERROR(VLOOKUP($A9,'قائمة المنتجات'!$A$2:$D$20000,4,FALSE),""))
B10: =IF($A10="","",IFERROR(VLOOKUP($A10,'قائمة المنتجات'!$A$2:$D$20000,2,FALSE),"")) | C10: =IF($A10="","",IFERROR(VLOOKUP($A10,'قائمة المنتجات'!$A$2:$D$20000,3,FALSE),"")) | D10: =IF($A10="","",IFERROR(VLOOKUP($A10,'قائمة المنتجات'!$A$2:$D$20000,4,FALSE),""))
B11: =IF($A11="","",IFERROR(VLOOKUP($A11,'قائمة المنتجات'!$A$2:$D$20000,2,FALSE),"")) | C11: =IF($A11="","",IFERROR(VLOOKUP($A11,'قائمة المنتجات'!$A$2:$D$20000,3,FALSE),"")) | D11: =IF($A11="","",IFERROR(VLOOKUP($A11,'قائمة المنتجات'!$A$2:$D$20000,4,FALSE),""))
B12: =IF($A12="","",IFERROR(VLOOKUP($A12,'قائمة المنتجات'!$A$2:$D$20000,2,FALSE),"")) | C12: =IF($A12="","",IFERROR(VLOOKUP($A12,'قائمة المنتجات'!$A$2:$D$20000,3,FALSE),"")) | D12: =IF($A12="","",IFERROR(VLOOKUP($A12,'قائمة المنتجات'!$A$2:$D$20000,4,FALSE),""))
B13: =IF($A13="","",IFERROR(VLOOKUP($A13,'قائمة المنتجات'!$A$2:$D$20000,2,FALSE),"")) | C13: =IF($A13="","",IFERROR(VLOOKUP($A13,'قائمة المنتجات'!$A$2:$D$20000,3,FALSE),"")) | D13: =IF($A13="","",IFERROR(VLOOKUP($A13,'قائمة المنتجات'!$A$2:$D$20000,4,FALSE),""))
B14: =IF($A14="","",IFERROR(VLOOKUP($A14,'قائمة المنتجات'!$A$2:$D$20000,2,FALSE),"")) | C14: =IF($A14="","",IFERROR(VLOOKUP($A14,'قائمة المنتجات'!$A$2:$D$20000,3,FALSE),"")) | D14: =IF($A14="","",IFERROR(VLOOKUP($A14,'قائمة المنتجات'!$A$2:$D$20000,4,FALSE),""))
B15: =IF($A15="","",IFERROR(VLOOKUP($A15,'قائمة المنتجات'!$A$2:$D$20000,2,FALSE),"")) | C15: =IF($A15="","",IFERROR(VLOOKUP($A15,'قائمة المنتجات'!$A$2:$D$20000,3,FALSE),"")) | D15: =IF($A15="","",IFERROR(VLOOKUP($A15,'قائمة المنتجات'!$A$2:$D$20000,4,FALSE),""))
B16: =IF($A16="","",IFERROR(VLOOKUP($A16,'قائمة المنتجات'!$A$2:$D$20000,2,FALSE),"")) | C16: =IF($A16="","",IFERROR(VLOOKUP($A16,'قائمة المنتجات'!$A$2:$D$20000,3,FALSE),"")) | D16: =IF($A16="","",IFERROR(VLOOKUP($A16,'قائمة المنتجات'!$A$2:$D$20000,4,FALSE),""))
... B2000: =IF($A2000="","",IFERROR(VLOOKUP($A2000,'قائمة المنتجات'!$A$2:$D$20000,2,FALSE),"")) | C2000: =IF($A2000="","",IFERROR(VLOOKUP($A2000,'قائمة المنتجات'!$A$2:$D$20000,3,FALSE),"")) | D2000: =IF($A2000="","",IFERROR(VLOOKUP($A2000,'قائمة المنتجات'!$A$2:$D$20000,4,FALSE),""))

Sheet تعليمات الاستخدام
A1: تعليمات استيراد المنتجات
A3: خطوات الاستخدام
A4: 1. اكتب بياناتك في شيت "منتجات وإكسسوارات" من الصف رقم 5 لتحت.
A5: 2. الأعمدة اللي عنوانها عليه (*) وخلفيتها صفراء مطلوبة، والأعمدة الخضراء اختيارية.
A6: 3. صف رقم 4 (التلميحات) سيبه زي ما هو — النظام بيتجاهله.
A7: 4. احفظ الملف بصيغة .xlsx وارفعه من صفحة "استيراد البيانات" (تبويب المنتجات).
A8: 5. النظام بيعرض معاينة وبيفرز الصفوف الصحيحة من الغلط قبل ما يحفظ أي حاجة، والصفوف الغلط بيتم تخطيها.
A10: ملاحظات
A11: - منتج موجود: اكتب كوده في أول عمود وهيظهر اسمه وفئته ونوعه تلقائي (من شيت "قائمة المنتجات") — راجع الاسم قبل ما تكمّل.
A12: - منتج جديد: سيب الكود فاضي واكتب الاسم والفئة والنوع بإيدك، والنظام هيدّيله كود تلقائي.
A13: - لو كتبت كود موجود في النظام بيتحدّث نفس المنتج، ولو الكود فاضي بيدوّر على المنتج بالاسم والفئة.
A14: - لو المنتج موجود: الكمية بتتضاف على الموجود والأسعار بتتحدّث بالقيم اللي في الملف.
... A16: - الفئة بتتعمل تلقائي لو مش موجودة. الموديلات المتوافقة: افصل بينهم بفاصلة.

Sheet قائمة المنتجات
A1: كود المنتج | B1: اسم المنتج | C1: الفئة | D1: نوع الفئة
